title,price,author
"Talathi Bharti 2023: Sambhavy Sarav Prashnasanch - TCS / IBPS Pattern Nusar Tayar Kelele 5162 Prashn  (Paperback, Marathi, Talathi Sanjay Hibane Sir (Margadarshak), Prof. Vaibhav Bhutada)",₹291,
"Black Book Of English Vocabulary |Gupta Edutech  (Perfect Binding, Gupta Edutech)",₹299,Gupta Edutech
"SSC General Studies 6500 TCS MCQ Chapter Wise English Medium 4th Edition  (Paperback, Pinnacle Publications)",₹499,Pinnacle Publications
"SSC Reasoning 7200 TCS MCQ Chapter Wise 4th Edition Hindi Medium  (Paperback, Hindi, Pinnacle Publications)",₹489,Pinnacle Publications
"SSC English 7600 TCS MCQ Chapter Wise With Detailed Explanation 4th Edition English Medium  (Paperback, Pinnacle Publications)",₹499,Pinnacle Publications
"SSC MTS 2023 4800 TCS MCQ Chapter Wise With Detailed Explanation Hindi Medium  (Paperback, Hindi, Pinnacle Publications)",₹380,Pinnacle Publications
"SSC General Studies 6500 TCS MCQ Chapter Wise Hindi Medium 4th Edition  (Paperback, Hindi, Pinnacle Publications)",₹489,Pinnacle Publications
"Book Combo for Bank Exams (Ace Quant & Ace Reasoning) English Edition  (Paperback, Adda247 Publications)",₹699,Adda247 Publications
"Magic Book  (peparback, Rhonda Byrne)",₹175,Rhonda Byrne
"SSC Reasoning 7200 TCS MCQ Chapter Wise 4th Edition English Medium  (Paperback, Pinnacle Publications)",₹499,Pinnacle Publications
"Atulneeya Samanya Hindi For SSC GD, IBPS RRB, CTET, DSSSB, UPSSSC, State Police & Teaching Exams(Hindi Printed Edition) By Adda247  (Paperback, Hindi, Adda247 Publications)",₹274,Adda247 Publications
"Bal Natik Kahaniyan - Moral Stories In Hindi (Set Of 10 Books With Colourful Pictures) - Story Books For Kids - Khargosh Or Kachhuaa, Vyapari Or Uske Bete, Topiwala Or Bandar, Toota Shingha, Swarthi Kishan, Pyasha Kowa, Lomdi Or Bakari, Laalchi Lomdi, Laalchi Kutta, Khatate Angor  (Paperback, Hindi, shanti Publications)",₹250,shanti Publications
"SSC Maths 6800 TCS MCQ Chapter Wise I 4th Edition I Hindi Medium I Detailed Explanation And Short Tricks  (Paperback, Hindi, Pinnacle Publications)",₹489,Pinnacle Publications
"Manogyam Magic Practice Copybook For Kids - Handwriting Practice For Kids, Reusable Children's Calligraphy Letter Tracing - Early Education Writing Practice Book - Sank Letters (4 Books With Pens)  (Paperback, Manogyam)",₹159,Manogyam
"SSC Maths 6800 TCS MCQ Chapter Wise I 4th Edition I English Medium I Detailed Explanation And Short Tricks  (Paperback, Pinnacle Publications)",₹499,Pinnacle Publications
"Indian Economy 7th Edition | Vivek Singh  (Perfect Binding, Vivek Singh)",₹330,Vivek Singh
"Latest Ace Series Books Pack For Banking & Insurance Exam (Hindi Printed Edition)  (Paperback, Hindi, Adda247 Publications)","₹1,099",Adda247 Publications
"50+ Bank PO & Clerk 3.0 | 2018-2022 Previous Years' Memory Based Papers Book (English Printed Edition) By Adda247  (Paperback, Adda247 Publications)",₹649,Adda247 Publications
"Intelligence Book | Interactive Children Book | Musical English Educational Phonetic Learning Book | For 3 + Year Kids (Multicolor) Early Childhood Education Material| Birthday Gift  (Card board, Graceo)",₹445,Graceo
"Sparkle Board Books | Pack Of 5 Books | Super Jumbo Combo For Collecters And Library Board Books  (Board Book, Manoj Publications)",₹279,Manoj Publications
"Shri Ramcharitmanas (Goswami Tulsidasji Krit-Aathon Kand Sahit, 1200 Prishtaon Mein) श्री रामचरितमानस (गोस्वामी तुलसीदासजी कृत, आठों काण्ड सहित, 1200 पृष्ठों में) | Gyan K Sagar रामायण (हार्ड बाउंड, स्पेशल साइज, 8 पेज रंगीन व 200 ब्लैक एण्ड व्हाइट चित्रें सहित) Ramayan (Hardbound, Special Size, 8 Page Rangeen Ve 200 Black And White Chitron Sahit) (Hindi Edition) | Dharam-Dharshan Ki Vashisht Pustake  (hardbound, Hindi, Manoj Publications Editorial Board)",₹704,Manoj Publications Editorial Board
"A Complete Book Of Data Interpretation  (Paperback, Adda247 Publications)",₹459,Adda247 Publications
"My First Picture Library Box Of 10 Board Books (Pre-School Books) | Gift Set For Kids  (Board book, Sawan)",₹399,Sawan
"Delhi Police Constable 5000 TCS MCQ Chapter Wise With Detailed Explanation Hindi Medium  (Paperback, Hindi, Pinnacle Publications)",₹365,Pinnacle Publications
"SSC CHSL (10+2) 2023 Exam: Chapter-Wise English Medium Book I Latest TCS Questions  (Paperback, Pinnacle Publications)",₹390,Pinnacle Publications
"Lucent Samanya Gyan In Hindi  (Paperback, Hindi, LUCENT)",₹267,LUCENT
"Blouse Paper Cutting 3 In 1 Combo Farma Set |All Size 28 To 42  (Paperback, Hindi, Gungun Boutique)",₹688,Gungun Boutique
"Maths, Reasoning, English, Banking & Static Awareness Combo (Hindi Printed Edition) For All Bank & Insurance Exams 2022  (Paperback, Hindi, Adda247 Publications)","₹1,349",Adda247 Publications
"ACE QUANT A Complete Guide On Quantitative Aptitude For Banking & Insurance Examinations  (Paperback, Adda247 Publications)",₹339,Adda247 Publications
"SSC MTS 2023 48 Sets PYQ: TCS PYQ Solved Papers English Medium  (Paperback, Pinnacle Publications)",₹299,Pinnacle Publications
"Ace Banking And Static Awareness Book (Latest English Printed Edition)  (Paperback, Adda247 Publications)",₹309,Adda247 Publications
"Dr.babasaheb Ambedkar Ne Manusmriti Kyu Jalaee  (Paperback, Hindi, Shravan Farkade, Prabhakar Gajbhiye (Editor))",₹150,
"Baby Record Book, It's A Girl | By Sawan  (Paperback, Manoj Publications Editorial Board)",₹289,Manoj Publications Editorial Board
"SSC MTS 2023 48 Sets PYQ: TCS PYQ Solved Papers Hindi Medium  (Paperback, Hindi, Pinnacle Publications)",₹299,Pinnacle Publications
"SSC General Studies Theory Book Hindi Medium  (Paperback, Hindi, Pinnacle Publications)",₹495,Pinnacle Publications
"SSC General Studies Theory Book English Medium  (Paperback, Pinnacle Publications)",₹499,Pinnacle Publications
"Vocabulary Prodigy - English  (Paperback, Nimisha Bansal)",₹422,Nimisha Bansal
"Ace Reasoning Ability For Banking And Insurance Book 2021 (Third English Edition)  (Paperback, Adda247 Publications)",₹339,Adda247 Publications
"Delhi Police Constable 2023: 37 Sets PYQ: TCS PYQ Solved Papers Hindi Medium  (Paperback, Hindi, Pinnacle Publications)",₹310,Pinnacle Publications
"Ace English A Compelete Guide On English Language For Banking & Insurance Examinations  (Paperback, Adda247 Publications)",₹339,Adda247 Publications
